observation_date,logger_run_utc,model_version,pipeline_version,core_sha256,freeze_spec_sha256,asset,asset_price,d1_score,d1_component_coverage,d1_current_model_coverage,d1_g1_model_coverage,v1_score,v1_coverage,pit_high_vol_threshold,backward_realized_vol_20d,eligible_d1,eligible_v1,event_note,source_health,source_failures,fwd_return_5d,fwd_return_20d,fwd_return_60d,fwd_realized_vol_20d,high_vol_event_20d,matured_5d,matured_20d,matured_60d
2026-09-14,2026-09-15T01:56:09.586360+00:00,GOLD_D1_V1_DUAL_FROZEN_2026-09-12_v1,ResearchLab_v1.0.24a_PIT_Fixed,9e9531c22aa7e690a88afb5eecd3822e32875495ba4d18f0e498ea6cd3a3b49c,db3d89c5da83769d6989b150b5f902075d8f0f1df1eaa010a2646a6fa9106877,Gold (XAU/USD),4338.5,36.60329650826751,100.0,100.0,100.0,52.94342617806558,100.0,0.2427458559549663,0.2470197001836773,True,True,,OK,,0.007353110300805987,,,,,True,False,False
2026-09-15,2026-09-16T01:44:59.591523+00:00,GOLD_D1_V1_DUAL_FROZEN_2026-09-12_v1,ResearchLab_v1.0.24a_PIT_Fixed,9e9531c22aa7e690a88afb5eecd3822e32875495ba4d18f0e498ea6cd3a3b49c,db3d89c5da83769d6989b150b5f902075d8f0f1df1eaa010a2646a6fa9106877,Gold (XAU/USD),4328.7998046875,33.69228013369381,100.0,100.0,100.0,50.69924633867223,100.0,0.2444704449537108,0.239950575794296,True,True,,OK,,0.01006279994960324,,,,,True,False,False
2026-09-16,2026-09-17T01:45:47.301085+00:00,GOLD_D1_V1_DUAL_FROZEN_2026-09-12_v1,ResearchLab_v1.0.24a_PIT_Fixed,9e9531c22aa7e690a88afb5eecd3822e32875495ba4d18f0e498ea6cd3a3b49c,db3d89c5da83769d6989b150b5f902075d8f0f1df1eaa010a2646a6fa9106877,Gold (XAU/USD),4351.5,29.9825966289306,100.0,100.0,100.0,53.45180146357748,100.0,0.2444704449537113,0.2373601806516788,True,True,,OK,,-0.01574931000712254,,,,,True,False,False
2026-09-17,2026-09-18T01:35:29.417315+00:00,GOLD_D1_V1_DUAL_FROZEN_2026-09-12_v1,ResearchLab_v1.0.24a_PIT_Fixed,9e9531c22aa7e690a88afb5eecd3822e32875495ba4d18f0e498ea6cd3a3b49c,db3d89c5da83769d6989b150b5f902075d8f0f1df1eaa010a2646a6fa9106877,Gold (XAU/USD),4400.7001953125,27.22066270954395,100.0,100.0,100.0,64.61584006112717,100.0,0.2444704449537113,0.2174354717646353,True,True,,OK,,-0.02311525576693907,,,,,True,False,False
2026-09-18,2026-09-19T01:40:16.346774+00:00,GOLD_D1_V1_DUAL_FROZEN_2026-09-12_v1,ResearchLab_v1.0.24a_PIT_Fixed,9e9531c22aa7e690a88afb5eecd3822e32875495ba4d18f0e498ea6cd3a3b49c,db3d89c5da83769d6989b150b5f902075d8f0f1df1eaa010a2646a6fa9106877,Gold (XAU/USD),4415.89990234375,31.50944162525051,100.0,100.0,100.0,75.29995134932659,100.0,0.2444704449537113,0.2165803835459036,True,True,,OK,,-0.023435492173805583,,,,,True,False,False
2026-09-21,2026-09-22T01:56:18.985534+00:00,GOLD_D1_V1_DUAL_FROZEN_2026-09-12_v1,ResearchLab_v1.0.24a_PIT_Fixed,9e9531c22aa7e690a88afb5eecd3822e32875495ba4d18f0e498ea6cd3a3b49c,db3d89c5da83769d6989b150b5f902075d8f0f1df1eaa010a2646a6fa9106877,Gold (XAU/USD),4388.0,28.832977355374595,100.0,100.0,100.0,75.19707887512911,100.0,0.2444704449537108,0.1964660729827235,True,True,,OK,,-0.04915714427804063,,,,,True,False,False
2026-09-22,2026-09-23T01:50:31.551135+00:00,GOLD_D1_V1_DUAL_FROZEN_2026-09-12_v1,ResearchLab_v1.0.24a_PIT_Fixed,9e9531c22aa7e690a88afb5eecd3822e32875495ba4d18f0e498ea6cd3a3b49c,db3d89c5da83769d6989b150b5f902075d8f0f1df1eaa010a2646a6fa9106877,Gold (XAU/USD),4382.5,28.749258303085217,100.0,100.0,100.0,74.26184379328485,100.0,0.2444704449537108,0.1954747162627987,True,True,,OK,,-0.04494555146249524,,,,,True,False,False
2026-09-23,2026-09-24T01:41:07.519006+00:00,GOLD_D1_V1_DUAL_FROZEN_2026-09-12_v1,ResearchLab_v1.0.24a_PIT_Fixed,9e9531c22aa7e690a88afb5eecd3822e32875495ba4d18f0e498ea6cd3a3b49c,db3d89c5da83769d6989b150b5f902075d8f0f1df1eaa010a2646a6fa9106877,Gold (XAU/USD),4335.39990234375,23.80962024872787,100.0,100.0,100.0,79.04746727928134,100.0,0.2444704449537113,0.1960417125814681,True,True,,OK,,-0.03049733929453169,,,,,True,False,False
2026-09-24,2026-09-25T01:57:54.711078+00:00,GOLD_D1_V1_DUAL_FROZEN_2026-09-12_v1,ResearchLab_v1.0.24a_PIT_Fixed,9e9531c22aa7e690a88afb5eecd3822e32875495ba4d18f0e498ea6cd3a3b49c,db3d89c5da83769d6989b150b5f902075d8f0f1df1eaa010a2646a6fa9106877,Gold (XAU/USD),4325.2001953125,22.299072510550047,100.0,100.0,100.0,80.1847959050656,100.0,0.2444704449537113,0.1981164698687071,True,True,,OK,,-0.02226621575442067,,,,,True,False,False
2026-09-25,2026-09-26T02:04:23.699847+00:00,GOLD_D1_V1_DUAL_FROZEN_2026-09-12_v1,ResearchLab_v1.0.24a_PIT_Fixed,9e9531c22aa7e690a88afb5eecd3822e32875495ba4d18f0e498ea6cd3a3b49c,db3d89c5da83769d6989b150b5f902075d8f0f1df1eaa010a2646a6fa9106877,Gold (XAU/USD),4320.5,22.365826051067977,100.0,100.0,100.0,81.07875304420867,100.0,0.2444704449537113,0.1986960365937218,True,True,,OK,,-0.036772281644662064,,,,,True,False,False
2026-09-28,2026-09-29T02:47:41.252270+00:00,GOLD_D1_V1_DUAL_FROZEN_2026-09-12_v1,ResearchLab_v1.0.24a_PIT_Fixed,9e9531c22aa7e690a88afb5eecd3822e32875495ba4d18f0e498ea6cd3a3b49c,db3d89c5da83769d6989b150b5f902075d8f0f1df1eaa010a2646a6fa9106877,Gold (XAU/USD),4166.39990234375,20.79682527407772,100.0,100.0,100.0,67.11806835019996,100.0,0.2444704449537108,0.2117589169064215,True,True,,OK,,-0.002782865830537884,,,,,True,False,False
2026-09-29,2026-09-30T02:27:48.972296+00:00,GOLD_D1_V1_DUAL_FROZEN_2026-09-12_v1,ResearchLab_v1.0.24a_PIT_Fixed,9e9531c22aa7e690a88afb5eecd3822e32875495ba4d18f0e498ea6cd3a3b49c,db3d89c5da83769d6989b150b5f902075d8f0f1df1eaa010a2646a6fa9106877,Gold (XAU/USD),4208.60009765625,19.50436490406755,100.0,100.0,100.0,70.39083789844221,100.0,0.2444704449537113,0.2146921254597168,True,True,,OK,,0.0017704385477332885,,,,,True,False,False
2026-09-30,2026-10-01T02:29:29.546305+00:00,GOLD_D1_V1_DUAL_FROZEN_2026-09-12_v1,ResearchLab_v1.0.24a_PIT_Fixed,9e9531c22aa7e690a88afb5eecd3822e32875495ba4d18f0e498ea6cd3a3b49c,db3d89c5da83769d6989b150b5f902075d8f0f1df1eaa010a2646a6fa9106877,Gold (XAU/USD),4182.5,19.83126030779509,100.0,100.0,100.0,74.52049317695374,100.0,0.2444704449537113,0.2027361471473412,True,True,,OK,,-0.010987173156440044,,,,,True,False,False
2026-10-01,2026-10-02T02:36:34.115682+00:00,GOLD_D1_V1_DUAL_FROZEN_2026-09-12_v1,ResearchLab_v1.0.24a_PIT_Fixed,9e9531c22aa7e690a88afb5eecd3822e32875495ba4d18f0e498ea6cd3a3b49c,db3d89c5da83769d6989b150b5f902075d8f0f1df1eaa010a2646a6fa9106877,Gold (XAU/USD),4186.39990234375,19.57323987083053,100.0,100.0,100.0,77.12368183338612,100.0,0.2444704449537113,0.201727285030109,True,True,,OK,,-0.010779765079342973,,,,,True,False,False
2026-10-02,2026-10-03T02:22:20.379140+00:00,GOLD_D1_V1_DUAL_FROZEN_2026-09-12_v1,ResearchLab_v1.0.24a_PIT_Fixed,9e9531c22aa7e690a88afb5eecd3822e32875495ba4d18f0e498ea6cd3a3b49c,db3d89c5da83769d6989b150b5f902075d8f0f1df1eaa010a2646a6fa9106877,Gold (XAU/USD),4172.10009765625,18.72706869838597,100.0,100.0,100.0,77.81019841975768,100.0,0.2444704449537113,0.1674515764859444,True,True,,OK,,0.013934604118300609,,,,,True,False,False
2026-10-05,2026-10-06T03:21:51.990734+00:00,GOLD_D1_V1_DUAL_FROZEN_2026-09-12_v1,ResearchLab_v1.0.24a_PIT_Fixed,9e9531c22aa7e690a88afb5eecd3822e32875495ba4d18f0e498ea6cd3a3b49c,db3d89c5da83769d6989b150b5f902075d8f0f1df1eaa010a2646a6fa9106877,Gold (XAU/USD),4157.10009765625,18.40362503094577,100.0,100.0,100.0,78.31685914265111,100.0,0.2444704449537113,0.1645347985412103,True,True,,OK,,,,,,,False,False,False
2026-10-06,2026-10-07T02:44:14.722330+00:00,GOLD_D1_V1_DUAL_FROZEN_2026-09-12_v1,ResearchLab_v1.0.24a_PIT_Fixed,9e9531c22aa7e690a88afb5eecd3822e32875495ba4d18f0e498ea6cd3a3b49c,db3d89c5da83769d6989b150b5f902075d8f0f1df1eaa010a2646a6fa9106877,Gold (XAU/USD),4173.7998046875,14.293469216034588,100.0,100.0,100.0,79.71047083935765,100.0,0.2444704449537113,0.1657052360561973,True,True,,OK,,,,,,,False,False,False
2026-10-07,2026-10-08T03:01:42.838570+00:00,GOLD_D1_V1_DUAL_FROZEN_2026-09-12_v1,ResearchLab_v1.0.24a_PIT_Fixed,9e9531c22aa7e690a88afb5eecd3822e32875495ba4d18f0e498ea6cd3a3b49c,db3d89c5da83769d6989b150b5f902075d8f0f1df1eaa010a2646a6fa9106877,Gold (XAU/USD),4161.0,14.361336151510516,100.0,100.0,100.0,77.53276273950262,100.0,0.2444704449537113,0.165718496804507,True,True,,OK,,,,,,,False,False,False
2026-10-08,2026-10-09T03:07:18.521976+00:00,GOLD_D1_V1_DUAL_FROZEN_2026-09-12_v1,ResearchLab_v1.0.24a_PIT_Fixed,9e9531c22aa7e690a88afb5eecd3822e32875495ba4d18f0e498ea6cd3a3b49c,db3d89c5da83769d6989b150b5f902075d8f0f1df1eaa010a2646a6fa9106877,Gold (XAU/USD),4203.2998046875,15.893624091914711,100.0,100.0,100.0,81.51192762150407,100.0,0.2444704449537113,0.1771885015781471,True,True,,OK,,,,,,,False,False,False
2026-10-09,2026-10-10T02:48:22.649257+00:00,GOLD_D1_V1_DUAL_FROZEN_2026-09-12_v1,ResearchLab_v1.0.24a_PIT_Fixed,9e9531c22aa7e690a88afb5eecd3822e32875495ba4d18f0e498ea6cd3a3b49c,db3d89c5da83769d6989b150b5f902075d8f0f1df1eaa010a2646a6fa9106877,Gold (XAU/USD),4220.2998046875,19.47655964329601,100.0,100.0,100.0,80.98004937801502,100.0,0.24447044495371137,0.1784932543691694,True,True,,OK,,,,,,,False,False,False
