observation_date,logger_run_utc,model_version,pipeline_version,core_sha256,config_sha256,asset,asset_price,current_score,current_coverage,current_regime,eligible_for_holdout,event_note,source_health,source_failures,fwd_return_5d,fwd_return_20d,fwd_return_60d,fwd_mae_20d,fwd_realized_vol_20d,stress_event_20d,matured_5d,matured_20d,matured_60d
2026-09-14,2026-09-15T01:57:27.435538+00:00,NASDAQ100_CURRENT_RISK_STATE_FROZEN_2026-09-12_v1,ResearchLab_v1.0.18_PIT,76e74f487bc690ece657e654c334960bfd5c05dd683efff467a6ae5641100d81,5c973d98ca10c358c83be883575e678837412017f51088e175f44d0fdf55b122,Nasdaq 100,29437.75,42.59259359147923,100.0,🟡 Neutral,True,,OK,,0.05599910813059017,,,,,,True,False,False
2026-09-15,2026-09-17T06:34:22.929031+00:00,NASDAQ100_CURRENT_RISK_STATE_FROZEN_2026-09-12_v1,ResearchLab_v1.0.18_PIT,76e74f487bc690ece657e654c334960bfd5c05dd683efff467a6ae5641100d81,5c973d98ca10c358c83be883575e678837412017f51088e175f44d0fdf55b122,Nasdaq 100,28955.0,37.303083815526925,100.0,🟠 Risk-Off (Bärisch),True,,OK,,0.07161112070454156,,,,,,True,False,False
2026-09-16,2026-09-17T06:34:22.929031+00:00,NASDAQ100_CURRENT_RISK_STATE_FROZEN_2026-09-12_v1,ResearchLab_v1.0.18_PIT,76e74f487bc690ece657e654c334960bfd5c05dd683efff467a6ae5641100d81,5c973d98ca10c358c83be883575e678837412017f51088e175f44d0fdf55b122,Nasdaq 100,28963.5,37.71009679264003,100.0,🟠 Risk-Off (Bärisch),True,,OK,,0.06219034301793647,,,,,,True,False,False
2026-09-17,2026-09-18T01:39:13.776653+00:00,NASDAQ100_CURRENT_RISK_STATE_FROZEN_2026-09-12_v1,ResearchLab_v1.0.18_PIT,76e74f487bc690ece657e654c334960bfd5c05dd683efff467a6ae5641100d81,5c973d98ca10c358c83be883575e678837412017f51088e175f44d0fdf55b122,Nasdaq 100,29655.5,48.75023765263019,100.0,🟡 Neutral,True,,OK,,0.044826678665727204,,,,,,True,False,False
2026-09-18,2026-09-19T01:43:46.227430+00:00,NASDAQ100_CURRENT_RISK_STATE_FROZEN_2026-09-12_v1,ResearchLab_v1.0.18_PIT,76e74f487bc690ece657e654c334960bfd5c05dd683efff467a6ae5641100d81,5c973d98ca10c358c83be883575e678837412017f51088e175f44d0fdf55b122,Nasdaq 100,29955.0,53.70895102778548,100.0,🟡 Neutral,True,,OK,,0.04307368506583864,,,,,,True,False,False
2026-09-21,2026-09-22T01:58:07.185746+00:00,NASDAQ100_CURRENT_RISK_STATE_FROZEN_2026-09-12_v1,ResearchLab_v1.0.18_PIT,76e74f487bc690ece657e654c334960bfd5c05dd683efff467a6ae5641100d81,5c973d98ca10c358c83be883575e678837412017f51088e175f44d0fdf55b122,Nasdaq 100,30885.75,60.64319697909494,100.0,🟡 Übergangsphase (Leicht Bullisch),True,,OK,,-0.007097670112636956,,,,,,True,False,False
2026-09-22,2026-09-23T01:53:19.077526+00:00,NASDAQ100_CURRENT_RISK_STATE_FROZEN_2026-09-12_v1,ResearchLab_v1.0.18_PIT,76e74f487bc690ece657e654c334960bfd5c05dd683efff467a6ae5641100d81,5c973d98ca10c358c83be883575e678837412017f51088e175f44d0fdf55b122,Nasdaq 100,31016.25,62.54107296705654,100.0,🟡 Übergangsphase (Leicht Bullisch),True,,OK,,-0.013382857695344641,,,,,,True,False,False
2026-09-23,2026-09-24T01:42:38.191447+00:00,NASDAQ100_CURRENT_RISK_STATE_FROZEN_2026-09-12_v1,ResearchLab_v1.0.18_PIT,76e74f487bc690ece657e654c334960bfd5c05dd683efff467a6ae5641100d81,5c973d98ca10c358c83be883575e678837412017f51088e175f44d0fdf55b122,Nasdaq 100,30750.5,58.50021556212256,100.0,🟡 Neutral,True,,OK,,-0.002145312411119815,,,,,,True,False,False
2026-09-24,2026-09-25T02:00:00.974821+00:00,NASDAQ100_CURRENT_RISK_STATE_FROZEN_2026-09-12_v1,ResearchLab_v1.0.18_PIT,76e74f487bc690ece657e654c334960bfd5c05dd683efff467a6ae5641100d81,5c973d98ca10c358c83be883575e678837412017f51088e175f44d0fdf55b122,Nasdaq 100,30791.0,57.32643741852953,100.0,🟡 Neutral,True,,OK,,-0.0002031413782735969,,,,,,True,False,False
2026-09-25,2026-09-26T02:05:49.654438+00:00,NASDAQ100_CURRENT_RISK_STATE_FROZEN_2026-09-12_v1,ResearchLab_v1.0.18_PIT,76e74f487bc690ece657e654c334960bfd5c05dd683efff467a6ae5641100d81,5c973d98ca10c358c83be883575e678837412017f51088e175f44d0fdf55b122,Nasdaq 100,30921.75,59.35543310636518,100.0,🟡 Neutral,True,,OK,,0.005584467088064704,,,,,,True,False,False
2026-09-28,2026-09-29T02:49:31.798848+00:00,NASDAQ100_CURRENT_RISK_STATE_FROZEN_2026-09-12_v1,ResearchLab_v1.0.18_PIT,76e74f487bc690ece657e654c334960bfd5c05dd683efff467a6ae5641100d81,5c973d98ca10c358c83be883575e678837412017f51088e175f44d0fdf55b122,Nasdaq 100,30490.75,54.04808798195826,100.0,🟡 Neutral,True,,OK,,0.02458594037541406,,,,,,True,False,False
2026-09-29,2026-09-30T02:31:35.339133+00:00,NASDAQ100_CURRENT_RISK_STATE_FROZEN_2026-09-12_v1,ResearchLab_v1.0.18_PIT,76e74f487bc690ece657e654c334960bfd5c05dd683efff467a6ae5641100d81,5c973d98ca10c358c83be883575e678837412017f51088e175f44d0fdf55b122,Nasdaq 100,30616.5,54.60431022950284,100.0,🟡 Neutral,True,,OK,,0.028419066907303225,,,,,,True,False,False
2026-09-30,2026-10-01T02:32:27.941062+00:00,NASDAQ100_CURRENT_RISK_STATE_FROZEN_2026-09-12_v1,ResearchLab_v1.0.18_PIT,76e74f487bc690ece657e654c334960bfd5c05dd683efff467a6ae5641100d81,5c973d98ca10c358c83be883575e678837412017f51088e175f44d0fdf55b122,Nasdaq 100,30830.0,56.460528291990656,100.0,🟡 Neutral,True,,OK,,0.022916242518017826,,,,,,True,False,False
2026-10-01,2026-10-02T02:38:15.088718+00:00,NASDAQ100_CURRENT_RISK_STATE_FROZEN_2026-09-12_v1,ResearchLab_v1.0.18_PIT,76e74f487bc690ece657e654c334960bfd5c05dd683efff467a6ae5641100d81,5c973d98ca10c358c83be883575e678837412017f51088e175f44d0fdf55b122,Nasdaq 100,30869.5,56.049137746906034,100.0,🟡 Neutral,True,,OK,,0.006794427918922041,,,,,,True,False,False
2026-10-02,2026-10-03T02:25:25.886497+00:00,NASDAQ100_CURRENT_RISK_STATE_FROZEN_2026-09-12_v1,ResearchLab_v1.0.18_PIT,76e74f487bc690ece657e654c334960bfd5c05dd683efff467a6ae5641100d81,5c973d98ca10c358c83be883575e678837412017f51088e175f44d0fdf55b122,Nasdaq 100,31049.0,58.34379684523756,100.0,🟡 Neutral,True,,OK,,0.0005794908528977682,,,,,,True,False,False
2026-10-05,2026-10-06T03:23:15.047809+00:00,NASDAQ100_CURRENT_RISK_STATE_FROZEN_2026-09-12_v1,ResearchLab_v1.0.18_PIT,76e74f487bc690ece657e654c334960bfd5c05dd683efff467a6ae5641100d81,5c973d98ca10c358c83be883575e678837412017f51088e175f44d0fdf55b122,Nasdaq 100,31358.0,61.66095534161274,100.0,🟡 Übergangsphase (Leicht Bullisch),True,,OK,,,,,,,,False,False,False
2026-10-06,2026-10-07T02:46:37.734096+00:00,NASDAQ100_CURRENT_RISK_STATE_FROZEN_2026-09-12_v1,ResearchLab_v1.0.18_PIT,76e74f487bc690ece657e654c334960bfd5c05dd683efff467a6ae5641100d81,5c973d98ca10c358c83be883575e678837412017f51088e175f44d0fdf55b122,Nasdaq 100,31457.5,63.41359915751195,100.0,🟡 Übergangsphase (Leicht Bullisch),True,,OK,,,,,,,,False,False,False
2026-10-07,2026-10-08T03:04:15.324177+00:00,NASDAQ100_CURRENT_RISK_STATE_FROZEN_2026-09-12_v1,ResearchLab_v1.0.18_PIT,76e74f487bc690ece657e654c334960bfd5c05dd683efff467a6ae5641100d81,5c973d98ca10c358c83be883575e678837412017f51088e175f44d0fdf55b122,Nasdaq 100,31416.75,62.6098028799611,100.0,🟡 Übergangsphase (Leicht Bullisch),True,,OK,,,,,,,,False,False,False
2026-10-08,2026-10-09T03:10:56.076627+00:00,NASDAQ100_CURRENT_RISK_STATE_FROZEN_2026-09-12_v1,ResearchLab_v1.0.18_PIT,76e74f487bc690ece657e654c334960bfd5c05dd683efff467a6ae5641100d81,5c973d98ca10c358c83be883575e678837412017f51088e175f44d0fdf55b122,Nasdaq 100,30969.5,57.95990959388227,100.0,🟡 Neutral,True,,OK,,,,,,,,False,False,False
