observation_date,logger_run_utc,model_version,pipeline_version,asset,asset_price,current_score,model_d_score,score_delta_d_minus_current,current_coverage,model_d_coverage,current_regime,model_d_regime,eligible_for_holdout,event_risk,event_note,source_health,source_failures,fwd_return_5d,fwd_return_20d,fwd_return_60d,fwd_mae_20d,fwd_realized_vol_20d,stress_event_20d,matured_5d,matured_20d,matured_60d
2026-09-02,2026-09-04T00:00:24.560726+00:00,WTI_MODEL_D_FROZEN_2026-09-02_v1,ResearchLab_v1.0.12_PIT,WTI Crude Oil,91.01000213623048,58.75238187294004,57.09885819447776,-1.653523678462271,100.0,100.0,🟡 Neutral,🟡 Neutral,True,UNCLASSIFIED,,OK,,0.12603011703630096,0.020437320807523696,,-0.01791017299804687,0.4597882014886559,0.0,True,True,False
2026-09-03,2026-09-04T00:00:24.560726+00:00,WTI_MODEL_D_FROZEN_2026-09-02_v1,ResearchLab_v1.0.12_PIT,WTI Crude Oil,91.80999755859376,59.66922614556246,58.28138250647146,-1.3878436390910025,100.0,100.0,🟡 Neutral,🟡 Neutral,True,UNCLASSIFIED,,OK,,0.09583789383927677,-0.002081078149565263,,-0.02102963564252447,0.46533362123135846,0.0,True,True,False
2026-09-04,2026-09-04T13:49:29.767185+00:00,WTI_MODEL_D_FROZEN_2026-09-02_v1,ResearchLab_v1.0.12_PIT,WTI Crude Oil,89.41000366210938,59.05138134680393,57.19954175806001,-1.8518395887439207,100.0,100.0,🟡 Neutral,🟡 Neutral,True,UNCLASSIFIED,,OK,,0.10832964220659624,-0.022409302323254,,-0.022955903218782048,0.46997845404854666,0.0,True,True,False
2026-09-07,2026-09-08T00:01:10.900762+00:00,WTI_MODEL_D_FROZEN_2026-09-02_v1,ResearchLab_v1.0.12_PIT,WTI Crude Oil,92.51000213623048,62.63498869540142,61.02618771950378,-1.608800975897637,100.0,100.0,🟡 Übergangsphase (Leicht Bullisch),🟡 Übergangsphase (Leicht Bullisch),True,UNCLASSIFIED,,OK,,,,,,,,False,False,False
2026-09-08,2026-09-09T00:02:09.080695+00:00,WTI_MODEL_D_FROZEN_2026-09-02_v1,ResearchLab_v1.0.12_PIT,WTI Crude Oil,94.56999969482422,62.80277782066646,61.63138100687103,-1.1713968137954325,100.0,100.0,🟡 Übergangsphase (Leicht Bullisch),🟡 Übergangsphase (Leicht Bullisch),True,UNCLASSIFIED,,OK,,0.13759005933262847,-0.03858966338812375,,-0.039234672404308224,0.4653631558879833,0.0,True,True,False
2026-09-09,2026-09-10T00:00:04.999871+00:00,WTI_MODEL_D_FROZEN_2026-09-02_v1,ResearchLab_v1.0.12_PIT,WTI Crude Oil,97.1500015258789,62.390568618681066,61.25369436700566,-1.1368742516754082,90.00000000000001,90.00000000000001,🟡 Übergangsphase (Leicht Bullisch),🟡 Übergangsphase (Leicht Bullisch),True,UNCLASSIFIED,,DEGRADED,EIA WCESTUS1: EIA WCESTUS1 Fehler: ValueError: No tables found,0.06642370693085797,-0.08089540890773284,,-0.08089540890773284,0.44896087435015886,0.0,True,True,False
2026-09-10,2026-09-11T00:00:22.371322+00:00,WTI_MODEL_D_FROZEN_2026-09-02_v1,ResearchLab_v1.0.12_PIT,WTI Crude Oil,104.16999816894533,63.91917210249788,63.68483209475318,-0.2343400077446915,100.0,100.0,🟡 Übergangsphase (Leicht Bullisch),🟡 Übergangsphase (Leicht Bullisch),True,UNCLASSIFIED,,OK,,-0.005562057729827874,-0.11358320294449353,,-0.13856366229984096,0.38531337078357525,1.0,True,True,False
2026-09-11,2026-09-12T00:00:08.979640+00:00,WTI_MODEL_D_FROZEN_2026-09-02_v1,ResearchLab_v1.0.12_PIT,WTI Crude Oil,99.98999786376952,63.59482287366458,63.19762899030236,-0.3971938833622204,100.0,100.0,🟡 Übergangsphase (Leicht Bullisch),🟡 Übergangsphase (Leicht Bullisch),True,UNCLASSIFIED,,OK,,0.00249875054846993,,,,,,True,False,False
2026-09-14,2026-09-16T01:47:38.266876+00:00,WTI_MODEL_D_FROZEN_2026-09-02_v1,ResearchLab_v1.0.12_PIT,WTI Crude Oil,101.38999938964844,65.43850817266654,64.9820276099656,-0.4564805627009463,100.0,100.0,🟡 Übergangsphase (Leicht Bullisch),🟡 Übergangsphase (Leicht Bullisch),True,UNCLASSIFIED,,OK,,-0.05533090683620545,,,,,,True,False,False
2026-09-15,2026-09-16T01:47:38.266876+00:00,WTI_MODEL_D_FROZEN_2026-09-02_v1,ResearchLab_v1.0.12_PIT,WTI Crude Oil,105.13999938964844,65.32310988252458,64.82991038984045,-0.493199492684127,100.0,100.0,🟡 Übergangsphase (Leicht Bullisch),🟡 Übergangsphase (Leicht Bullisch),True,UNCLASSIFIED,,OK,,-0.1062081196134479,,,,,,True,False,False
2026-09-16,2026-09-17T01:51:22.714238+00:00,WTI_MODEL_D_FROZEN_2026-09-02_v1,ResearchLab_v1.0.12_PIT,WTI Crude Oil,102.33000183105467,61.25317022455097,62.64181333202276,1.3886431074717862,91.0,97.0,🟡 Übergangsphase (Leicht Bullisch),🟡 Übergangsphase (Leicht Bullisch),True,UNCLASSIFIED,,DEGRADED,FRED DFII10: FRED-Fehler: None,-0.1002635615783305,,,,,,True,False,False
2026-09-17,2026-09-18T01:38:59.463077+00:00,WTI_MODEL_D_FROZEN_2026-09-02_v1,ResearchLab_v1.0.12_PIT,WTI Crude Oil,101.33000183105467,64.72902742081928,63.45782281558198,-1.2712046052373012,100.0,100.0,🟡 Übergangsphase (Leicht Bullisch),🟡 Übergangsphase (Leicht Bullisch),True,UNCLASSIFIED,,OK,,-0.07163185938017969,,,,,,True,False,False
2026-09-18,2026-09-19T01:43:09.208663+00:00,WTI_MODEL_D_FROZEN_2026-09-02_v1,ResearchLab_v1.0.12_PIT,WTI Crude Oil,95.47000122070312,60.06008805273976,58.779641991562656,-1.280446061177102,100.0,100.0,🟡 Übergangsphase (Leicht Bullisch),🟡 Neutral,True,UNCLASSIFIED,,OK,,-0.07866399949735758,,,,,,True,False,False
2026-09-21,2026-09-23T01:52:31.384763+00:00,WTI_MODEL_D_FROZEN_2026-09-02_v1,ResearchLab_v1.0.12_PIT,WTI Crude Oil,95.77999877929688,60.39330094531872,58.6680828212902,-1.7252181240285154,100.0,100.0,🟡 Übergangsphase (Leicht Bullisch),🟡 Neutral,True,UNCLASSIFIED,,OK,,-0.03320108943103417,,,,,,True,False,False
2026-09-22,2026-09-23T01:52:31.384763+00:00,WTI_MODEL_D_FROZEN_2026-09-02_v1,ResearchLab_v1.0.12_PIT,WTI Crude Oil,90.23999786376952,56.1109118145936,54.41898196994051,-1.6919298446530888,100.0,100.0,🟡 Neutral,🟡 Neutral,True,UNCLASSIFIED,,OK,,-0.055079810616142755,,,,,,True,False,False
2026-09-23,2026-09-25T01:59:20.066370+00:00,WTI_MODEL_D_FROZEN_2026-09-02_v1,ResearchLab_v1.0.12_PIT,WTI Crude Oil,92.16000366210938,54.00706311042424,51.66683980113141,-2.340223309292824,100.0,100.0,🟡 Neutral,🟡 Neutral,True,UNCLASSIFIED,,OK,,-0.018880267187743716,,,,,,True,False,False
2026-09-24,2026-09-25T01:59:20.066370+00:00,WTI_MODEL_D_FROZEN_2026-09-02_v1,ResearchLab_v1.0.12_PIT,WTI Crude Oil,93.08999633789062,53.31067704049081,50.58493590029532,-2.7257411401954883,100.0,100.0,🟡 Neutral,🟡 Neutral,True,UNCLASSIFIED,,OK,,-0.018391267863274385,,,,,,True,False,False
2026-09-25,2026-09-27T17:26:48.972432+00:00,WTI_MODEL_D_FROZEN_2026-09-02_v1,ResearchLab_v1.0.12_PIT,WTI Crude Oil,92.41000366210938,53.10710602811167,50.738185838168846,-2.368920189942827,100.0,100.0,🟡 Neutral,🟡 Neutral,True,UNCLASSIFIED,,OK,,-0.014067774053025506,,,,,,True,False,False
2026-09-28,2026-09-29T02:48:43.602362+00:00,WTI_MODEL_D_FROZEN_2026-09-02_v1,ResearchLab_v1.0.12_PIT,WTI Crude Oil,93.54000091552734,53.68333714534015,51.21985117473617,-2.463485970603976,100.0,100.0,🟡 Neutral,🟡 Neutral,True,UNCLASSIFIED,,OK,,-0.0342332421293855,,,,,,True,False,False
2026-09-29,2026-09-30T02:30:08.290742+00:00,WTI_MODEL_D_FROZEN_2026-09-02_v1,ResearchLab_v1.0.12_PIT,WTI Crude Oil,89.27999877929688,51.24610451783896,49.00878552587038,-2.2373189919685785,100.0,100.0,🟡 Neutral,🟡 Neutral,True,UNCLASSIFIED,,OK,,0.0006713491813850059,,,,,,True,False,False
2026-09-30,2026-10-01T02:31:58.982922+00:00,WTI_MODEL_D_FROZEN_2026-09-02_v1,ResearchLab_v1.0.12_PIT,WTI Crude Oil,90.19000244140624,50.88586906380073,48.22913433116885,-2.6567347326318824,100.0,100.0,🟡 Neutral,🟡 Neutral,True,UNCLASSIFIED,,OK,,-0.02366732396576643,,,,,,True,False,False
2026-10-01,2026-10-02T02:38:02.141968+00:00,WTI_MODEL_D_FROZEN_2026-09-02_v1,ResearchLab_v1.0.12_PIT,WTI Crude Oil,92.87999725341795,53.16760633610292,50.161091489842406,-3.006514846260515,100.0,100.0,🟡 Neutral,🟡 Neutral,True,UNCLASSIFIED,,OK,,-0.021858580259018212,,,,,,True,False,False
2026-10-02,2026-10-03T02:24:45.013326+00:00,WTI_MODEL_D_FROZEN_2026-09-02_v1,ResearchLab_v1.0.12_PIT,WTI Crude Oil,91.26000213623048,47.70872534439138,44.11512286847855,-3.593602475912832,100.0,100.0,🟡 Neutral,🟡 Neutral,True,UNCLASSIFIED,,OK,,,,,,,,False,False,False
2026-10-05,2026-10-06T03:22:51.181011+00:00,WTI_MODEL_D_FROZEN_2026-09-02_v1,ResearchLab_v1.0.12_PIT,WTI Crude Oil,89.63999938964844,47.99565778953844,43.46074064728623,-4.534917142252212,100.0,100.0,🟡 Neutral,🟡 Neutral,True,UNCLASSIFIED,,OK,,,,,,,,False,False,False
2026-10-06,2026-10-07T02:46:09.756493+00:00,WTI_MODEL_D_FROZEN_2026-09-02_v1,ResearchLab_v1.0.12_PIT,WTI Crude Oil,90.26000213623048,48.6020560092184,43.729849034029634,-4.872206975188767,100.0,100.0,🟡 Neutral,🟡 Neutral,True,UNCLASSIFIED,,OK,,,,,,,,False,False,False
2026-10-07,2026-10-08T03:03:41.796467+00:00,WTI_MODEL_D_FROZEN_2026-09-02_v1,ResearchLab_v1.0.12_PIT,WTI Crude Oil,89.87999725341797,49.04051202520226,44.25214358019198,-4.788368445010285,100.0,100.0,🟡 Neutral,🟡 Neutral,True,UNCLASSIFIED,,OK,,,,,,,,False,False,False
2026-10-08,2026-10-09T03:10:33.738221+00:00,WTI_MODEL_D_FROZEN_2026-09-02_v1,ResearchLab_v1.0.12_PIT,WTI Crude Oil,90.83999633789062,49.69880776206519,45.253531966844825,-4.445275795220361,100.0,100.0,🟡 Neutral,🟡 Neutral,True,UNCLASSIFIED,,OK,,,,,,,,False,False,False
